Date,LC + equal-weight basket index
2022-05-31,99.93513820328963
2022-06-01,91.66391037474197
2022-06-02,94.1035947455736
2022-06-03,89.99665011679298
2022-06-04,91.64356290151609
2022-06-05,91.36006927679912
2022-06-06,95.7280864630874
2022-06-07,93.64642796349777
2022-06-08,93.05326475948048
2022-06-09,93.18048449568956
2022-06-10,87.4946930314457
2022-06-11,81.81153411209412
2022-06-12,75.77344126826074
2022-06-13,67.19686363680995
2022-06-14,68.7679513776906
2022-06-15,73.69915222823805
2022-06-16,65.249068814177
2022-06-17,66.65408062041998
2022-06-18,62.91142900475417
2022-06-19,68.23299628929898
2022-06-20,69.31371287776595
2022-06-21,69.38346715222396
2022-06-22,66.52884626470446
2022-06-23,71.76789409810152
2022-06-24,76.77754770145735
2022-06-25,77.49441949064894
2022-06-26,74.47086198233794
2022-06-27,73.54555373500523
2022-06-28,70.2399079420627
2022-06-29,68.36944782243656
2022-06-30,67.40654821404402
2022-07-01,65.48762018672456
2022-07-02,66.15345691085562
2022-07-03,66.64616856786381
2022-07-04,70.52345406899674
2022-07-05,69.64824188902473
2022-07-06,71.98096263416419
2022-07-07,74.72714127921276
2022-07-08,74.0596568671031
2022-07-09,74.41684905219674
2022-07-10,71.52252332948504
2022-07-11,67.24691399689924
2022-07-12,65.2192469717761
2022-07-13,69.24001157418513
2022-07-14,71.8820405363364
2022-07-15,72.3639141291014
2022-07-16,76.41237452096628
2022-07-17,74.97347604505495
2022-07-18,83.46472784491048
2022-07-19,85.25954562330213
2022-07-20,82.18664437377515
2022-07-21,84.35541970538131
2022-07-22,81.66825472250483
2022-07-23,82.08591945886064
2022-07-24,82.94507312738821
2022-07-25,76.10236447755916
2022-07-26,75.68309092777238
2022-07-27,83.30236800106528
2022-07-28,86.36866483479409
2022-07-29,87.04361291611248
2022-07-30,87.52617069708228
2022-07-31,86.0377307811268
2022-08-01,85.3164065899397
2022-08-02,83.62533750686312
2022-08-03,83.72459038166859
2022-08-04,84.19015274060803
2022-08-05,87.18878022515074
2022-08-06,86.08633753805802
2022-08-07,87.32612974537896
2022-08-08,89.51028384868364
2022-08-09,86.80938905117628
2022-08-10,90.57109696665391
2022-08-11,90.57635406806831
2022-08-12,92.75617025792708
2022-08-13,93.62996417258815
2022-08-14,92.6200251465226
2022-08-15,91.40601445859286
2022-08-16,90.8822748658465
2022-08-17,88.2474430617173
2022-08-18,86.54272025275937
2022-08-19,77.8875046206323
2022-08-20,77.8374862332628
2022-08-21,80.35444711543467
2022-08-22,79.75488230266657
2022-08-23,80.35845498461444
2022-08-24,79.61308060845404
2022-08-25,80.7491484301707
2022-08-26,74.62186991010302
2022-08-27,74.61940351241407
2022-08-28,72.32077444584564
2022-08-29,75.99359286634207
2022-08-30,74.59335395171628
2022-08-31,74.80547998326666
2022-09-01,75.62297820407409
2022-09-02,75.11127459696009
2022-09-03,75.47460891323045
2022-09-04,76.84680435070274
2022-09-05,76.93066174961439
2022-09-06,73.34435449209751
2022-09-07,76.63766563812997
2022-09-08,77.2458266775431
2022-09-09,81.56284407454078
2022-09-10,82.78048751625863
2022-09-11,82.40657534966411
2022-09-12,83.21140014251006
2022-09-13,76.69994995407214
2022-09-14,78.0933741004004
2022-09-15,74.59794433456749
2022-09-16,75.49818645207111
2022-09-17,77.91884082183066
2022-09-18,72.90975685659036
2022-09-19,75.3951462766371
2022-09-20,74.28000360655913
2022-09-21,72.4896374792375
2022-09-22,77.9270670618947
2022-09-23,79.07301280637589
2022-09-24,77.79393259251147
2022-09-25,76.9221133265992
2022-09-26,77.64544759668452
2022-09-27,76.25076737678678
2022-09-28,77.07083587643217
2022-09-29,78.50876130356785
2022-09-30,77.80634205955315
2022-10-01,76.96620519974712
2022-10-02,75.30757094823434
2022-10-03,77.26633341608873
2022-10-04,79.69095962680342
2022-10-05,79.49148111262907
2022-10-06,78.7334820973921
2022-10-07,78.49759701705258
2022-10-08,77.6542966762057
2022-10-09,78.42126336158555
2022-10-10,75.65252627630447
2022-10-11,74.33262658044973
2022-10-12,74.46522202046697
2022-10-13,74.02370327174529
2022-10-14,73.51496134047586
2022-10-15,72.70576757653366
2022-10-16,73.66109108082561
2022-10-17,74.78427190321293
2022-10-18,73.20199836451657
2022-10-19,71.49270175633349
2022-10-20,70.54062954611187
2022-10-21,71.45282312350065
2022-10-22,71.77736366096131
2022-10-23,73.67926168863752
2022-10-24,72.33485165442185
2022-10-25,77.07296502031076
2022-10-26,79.08538364060014
2022-10-27,77.22051454466245
2022-10-28,79.73049714687139
2022-10-29,81.39954254644458
2022-10-30,80.70149182100272
2022-10-31,81.06813711596439
2022-11-01,80.69305149642435
2022-11-02,78.25997816743666
2022-11-03,79.04044176770455
2022-11-04,85.36734077345201
2022-11-05,86.16830507513185
2022-11-06,81.93450559615593
2022-11-07,80.16292340670684
2022-11-08,71.0944992204712
2022-11-09,55.768000499218736
2022-11-10,65.42239576322814
2022-11-11,62.875056656287484
2022-11-12,60.00135079775555
2022-11-13,57.38762800854392
2022-11-14,59.40217949114257
2022-11-15,60.26173867099869
2022-11-16,59.2018751737799
2022-11-17,58.423813950871086
2022-11-18,58.50911022192137
2022-11-19,58.32574200405342
2022-11-20,55.671495471297725
2022-11-21,54.281854569051916
2022-11-22,56.10949480970183
2022-11-23,59.55059656996189
2022-11-24,60.42914998480361
2022-11-25,60.09006742752128
2022-11-26,60.20396107702527
2022-11-27,59.90551746646976
2022-11-28,58.24968402868637
2022-11-29,59.09856226047117
2022-11-30,61.44249514097068
2022-12-01,59.962592029713214
2022-12-02,60.54524617852992
2022-12-03,59.43075855737868
2022-12-04,60.382276581841346
2022-12-05,59.94818413022781
2022-12-06,60.53425648294029
2022-12-07,58.84806050586345
2022-12-08,60.21585004502232
2022-12-09,59.55361789835539
2022-12-10,59.60227813390338
2022-12-11,59.046796140539094
2022-12-12,58.94374391014355
2022-12-13,60.227205927287486
2022-12-14,59.86759077810954
2022-12-15,58.36265273710695
2022-12-16,53.09741885821816
2022-12-17,54.09115550011353
2022-12-18,54.15901201995841
2022-12-19,52.37849502508378
2022-12-20,54.13565220568594
2022-12-21,53.45025948718731
2022-12-22,53.44554364128633
2022-12-23,53.66414557639406
2022-12-24,53.32593168759446
2022-12-25,53.05868613198438
2022-12-26,53.82125628986455
2022-12-27,53.41150105978769
2022-12-28,51.267645020865004
2022-12-29,50.906352989436456
2022-12-30,51.14686953871589
2022-12-31,51.25807542652581
2023-01-01,51.32695542564638
2023-01-02,52.04031319905713
2023-01-03,51.78400948477473
2023-01-04,53.56923118109127
2023-01-05,53.006729871326684
2023-01-06,53.917344700003234
2023-01-07,53.84096210323
2023-01-08,55.299839575187804
2023-01-09,56.59024541883829
2023-01-10,57.44607220004425
2023-01-11,59.021563948477294
2023-01-12,60.34480730288884
2023-01-13,62.63193742128239
2023-01-14,65.12666489337839
2023-01-15,64.46904863760538
2023-01-16,64.39544110846501
2023-01-17,64.17514488154133
2023-01-18,61.943820694660914
2023-01-19,63.64224809186292
2023-01-20,67.47192362715224
2023-01-21,66.7407425987449
2023-01-22,67.47506540906046
2023-01-23,68.33464219403477
2023-01-24,65.9434968820008
2023-01-25,67.85665748105394
2023-01-26,67.62791459603571
2023-01-27,68.17001492456876
2023-01-28,67.65686278870847
2023-01-29,69.83597600016687
2023-01-30,66.95604165821119
2023-01-31,69.28232704181558
2023-02-01,70.31490663457495
2023-02-02,69.90368252940173
2023-02-03,70.88867591014551
2023-02-04,70.97551840125789
2023-02-05,69.40598050370924
2023-02-06,68.28843867104042
2023-02-07,70.4385376701801
2023-02-08,69.3140736888827
2023-02-09,64.74004823909819
2023-02-10,64.27234386206915
2023-02-11,65.24265332789527
2023-02-12,64.68183707027103
2023-02-13,63.74553222861482
2023-02-14,65.61880351613475
2023-02-15,70.43068589545175
2023-02-16,67.51464459693995
2023-02-17,69.77773386161748
2023-02-18,70.11756598429399
2023-02-19,69.03804399408267
2023-02-20,70.18559883653737
2023-02-21,68.64669514030597
2023-02-22,68.49652490895441
2023-02-23,67.7550778848496
2023-02-24,65.59926615538448
2023-02-25,65.37851292997757
2023-02-26,66.49780215389619
2023-02-27,66.08105559671911
2023-02-28,65.07384894966492
2023-03-01,66.34497598589395
2023-03-02,65.3603777307568
2023-03-03,63.229925062242145
2023-03-04,62.57442950298159
2023-03-05,62.4332200163404
2023-03-06,62.32498343959201
2023-03-07,62.399904656972616
2023-03-08,61.29685962753052
2023-03-09,58.233190054157234
2023-03-10,58.20287912897619
2023-03-11,58.55271157743094
2023-03-12,61.970979791529714
2023-03-13,64.88079806620514
2023-03-14,65.55195525923047
2023-03-15,63.24699157554387
2023-03-16,65.05137746163217
2023-03-17,68.93807258972608
2023-03-18,67.16884288321525
2023-03-19,68.91205282709711
2023-03-20,66.96828533344875
2023-03-21,72.43833318563607
2023-03-22,69.08369863984099
2023-03-23,71.82496776233103
2023-03-24,69.4556220702543
2023-03-25,69.55114613209818
2023-03-26,70.50144155706325
2023-03-27,69.2703777626207
2023-03-28,71.52497439572996
2023-03-29,73.52386975600389
2023-03-30,72.88994224990152
2023-03-31,74.35216961676291
2023-04-01,72.9929053988966
2023-04-02,72.65845881100351
2023-04-03,71.8915248285961
2023-04-04,72.96233698660018
2023-04-05,73.5873360277522
2023-04-06,72.73195394545421
2023-04-07,72.84694119526064
2023-04-08,72.57549062041218
2023-04-09,73.11310885863203
2023-04-10,75.09000705153393
2023-04-11,75.58338014518624
2023-04-12,75.4364150131018
2023-04-13,77.48837600783911
2023-04-14,79.19252191611832
2023-04-15,79.66350854443543
2023-04-16,80.54293195486852
2023-04-17,78.42102930397485
2023-04-18,80.27926502285521
2023-04-19,74.96327406757896
2023-04-20,73.42974608287594
2023-04-21,70.93681019097303
2023-04-22,73.07689124177574
2023-04-23,72.30121631216224
2023-04-24,71.83765991343947
2023-04-25,73.42234955570906
2023-04-26,73.14346956875653
2023-04-27,74.48362740419951
2023-04-28,74.22672821520415
2023-04-29,74.06328463118534
2023-04-30,74.1294211186189
2023-05-01,72.16088939362095
2023-05-02,72.64608901939584
2023-05-03,73.29935865566777
2023-05-04,72.60529835256091
2023-05-05,74.44842446012765
2023-05-06,72.41480631548252
2023-05-07,71.51733886248371
2023-05-08,69.50531982754744
2023-05-09,69.37408006178242
2023-05-10,69.66443181018536
2023-05-11,68.03543237022058
2023-05-12,68.73761534146932
2023-05-13,68.35738970308702
2023-05-14,68.75621813661756
2023-05-15,69.01340685401244
2023-05-16,69.34302139328946
2023-05-17,70.14161345478156
2023-05-18,69.72154333797862
2023-05-19,69.89873338092602
2023-05-20,70.12503345442309
2023-05-21,69.04255795276563
2023-05-22,69.72933270253911
2023-05-23,70.60780739199613
2023-05-24,68.79328918643614
2023-05-25,68.64001309335893
2023-05-26,69.66996816650756
2023-05-27,70.03944090334592
2023-05-28,72.51999547575916
2023-05-29,72.28115796980123
2023-05-30,73.06241843423292
2023-05-31,72.04370516100917
2023-06-01,71.20061277917905
2023-06-02,72.69102228967934
2023-06-03,72.18246342235611
2023-06-04,72.66944970853288
2023-06-05,68.43895247655041
2023-06-06,71.05781359392593
2023-06-07,68.20714146299812
2023-06-08,68.78406757970558
2023-06-09,69.04843869607436
2023-06-10,65.4124474877161
2023-06-11,65.64077149550853
2023-06-12,65.34776090031909
2023-06-13,66.03626393196937
2023-06-14,62.98316463180629
2023-06-15,63.3177737891495
2023-06-16,64.30619930280945
2023-06-17,65.02150636301955
2023-06-18,65.07847799867523
2023-06-19,65.67087047353327
2023-06-20,67.38007434731438
2023-06-21,69.67943069423053
2023-06-22,68.64902179658473
2023-06-23,69.60259113037336
2023-06-24,68.47423504758169
2023-06-25,68.92353184120665
2023-06-26,67.84774969721755
2023-06-27,68.61411009151107
2023-06-28,66.56136766394606
2023-06-29,67.50644004514733
2023-06-30,68.74163500633324
2023-07-01,69.23173864392795
2023-07-02,69.65699379642498
2023-07-03,70.31216996789804
2023-07-04,69.59040307105224
2023-07-05,68.62091170207023
2023-07-06,66.71733224947512
2023-07-07,67.57468774725749
2023-07-08,67.61648799512534
2023-07-09,67.30312224021243
2023-07-10,68.7519240082426
2023-07-11,68.96333677063853
2023-07-12,68.29543165489241
2023-07-13,81.41328203546665
2023-07-14,76.87472157427635
2023-07-15,76.83836967217239
2023-07-16,76.95800197422655
2023-07-17,76.70767918172461
2023-07-18,77.07749306955952
2023-07-19,78.09677467157994
2023-07-20,77.52213277774304
2023-07-21,77.16087620701491
2023-07-22,75.58520545865404
2023-07-23,76.28021177490933
2023-07-24,74.09941359570642
2023-07-25,74.29993453938111
2023-07-26,74.7774412548324
2023-07-27,74.6307443975514
2023-07-28,74.93041909746985
2023-07-29,75.068518363333
2023-07-30,74.61765785066379
2023-07-31,74.25050004923351
2023-08-01,75.4105878598411
2023-08-02,73.62611288180479
2023-08-03,73.07416603967067
2023-08-04,72.1675375583854
2023-08-05,72.12671106078031
2023-08-06,71.88713898086267
2023-08-07,71.86001194791989
2023-08-08,73.34256947645056
2023-08-09,73.13499605031362
2023-08-10,72.52512266371757
2023-08-11,72.31531578666139
2023-08-12,72.25813430824076
2023-08-13,72.03258628000633
2023-08-14,72.41528618438956
2023-08-15,71.1134261767727
2023-08-16,69.63633073049074
2023-08-17,63.7935288932609
2023-08-18,62.987197509477376
2023-08-19,63.57866829992512
2023-08-20,64.35714662849453
2023-08-21,63.25212669964352
2023-08-22,62.78354186148619
2023-08-23,64.1443777567686
2023-08-24,63.610899399112455
2023-08-25,63.68931030311937
2023-08-26,63.3738343312579
2023-08-27,63.688139101152885
2023-08-28,63.65769239460648
2023-08-29,66.49029204469156
2023-08-30,65.40567707035643
2023-08-31,62.95072949089284
2023-09-01,62.098078774519415
2023-09-02,62.31146115614553
2023-09-03,62.54515288219991
2023-09-04,62.549055878937644
2023-09-05,62.42381075246413
2023-09-06,62.3750803729758
2023-09-07,62.992590181186806
2023-09-08,62.5124781312544
2023-09-09,62.44163009504125
2023-09-10,61.90194132839647
2023-09-11,59.68786571680156
2023-09-12,61.03646065583446
2023-09-13,61.63410505095749
2023-09-14,62.15280534934875
2023-09-15,62.83252230476659
2023-09-16,62.773371047465076
2023-09-17,62.52828889046301
2023-09-18,63.08397049829232
2023-09-19,63.84242458358699
2023-09-20,63.606002577143286
2023-09-21,62.19954506306098
2023-09-22,62.48378310719143
2023-09-23,62.30894889488107
2023-09-24,61.651120950763406
2023-09-25,61.975002088114074
2023-09-26,62.03029214995476
2023-09-27,62.05570650144426
2023-09-28,63.52018001341013
2023-09-29,63.99187185094638
2023-09-30,63.82741762389217
2023-10-01,65.5350848671172
2023-10-02,64.00060226337797
2023-10-03,64.55668638686335
2023-10-04,64.52006389319617
2023-10-05,63.445087169645745
2023-10-06,64.39125059222039
2023-10-07,64.07202285618585
2023-10-08,63.85824225942057
2023-10-09,62.24074481642713
2023-10-10,62.044577679251404
2023-10-11,61.315328066345224
2023-10-12,60.709074966312414
2023-10-13,61.034759227940604
2023-10-14,61.14118915912299
2023-10-15,61.603357543954694
2023-10-16,63.48321293221487
2023-10-17,62.64089868415331
2023-10-18,62.3836645406619
2023-10-19,63.679656675876515
2023-10-20,64.54438833811668
2023-10-21,65.23609638107202
2023-10-22,65.91750416843128
2023-10-23,70.18243772021432
2023-10-24,70.92364756393815
2023-10-25,70.92715609154108
2023-10-26,70.94486813664606
2023-10-27,70.43446894835247
2023-10-28,70.57221336311234
2023-10-29,71.45494631245171
2023-10-30,72.38542332402686
2023-10-31,73.04648219507737
2023-11-01,74.16607213614375
2023-11-02,73.6383787725223
2023-11-03,73.96552753332641
2023-11-04,75.04513808685036
2023-11-05,77.2811740968891
2023-11-06,79.69493391072615
2023-11-07,78.33016297727015
2023-11-08,78.56503378107953
2023-11-09,81.18786158185563
2023-11-10,80.87480999919632
2023-11-11,80.62260227516948
2023-11-12,80.16253257114828
2023-11-13,79.74473039174683
2023-11-14,77.28970132742145
2023-11-15,80.88167212539096
2023-11-16,76.93961089462711
2023-11-17,77.38385088652547
2023-11-18,77.3341961896831
2023-11-19,78.89169008673106
2023-11-20,79.11757708615494
2023-11-21,74.21421011037009
2023-11-22,78.06504322115964
2023-11-23,78.03691551633284
2023-11-24,78.41942087283155
2023-11-25,78.66857014381027
2023-11-26,77.89418525051803
2023-11-27,76.64933841422827
2023-11-28,77.57505627983798
2023-11-29,77.14073410889938
2023-11-30,77.21388735383941
2023-12-01,78.318013230063
2023-12-02,79.76977980806336
2023-12-03,80.2625452964638
2023-12-04,82.18652658421625
2023-12-05,83.39883817989602
2023-12-06,83.10716084333833
2023-12-07,84.46802547507069
2023-12-08,86.4002062130909
2023-12-09,85.4588448441507
2023-12-10,85.85398730524125
2023-12-11,82.63998797915875
2023-12-12,83.17847299916242
2023-12-13,84.57455703593277
2023-12-14,85.38651969346446
2023-12-15,82.64618854326747
2023-12-16,82.96875952118162
2023-12-17,81.51167617800571
2023-12-18,82.56470915648022
2023-12-19,82.7269100496349
2023-12-20,84.64503534236178
2023-12-21,86.23538322809674
2023-12-22,87.18707186553891
2023-12-23,86.71489174151137
2023-12-24,85.18137714007084
2023-12-25,86.85402763416641
2023-12-26,87.44508616674132
2023-12-27,91.67428176728983
2023-12-28,90.94043369381215
2023-12-29,89.10465070353496
2023-12-30,89.22782663306862
2023-12-31,88.59970514613347
2024-01-01,90.96133555630384
2024-01-02,91.06050885537283
2024-01-03,87.31533285220867
2024-01-04,89.25636054253715
2024-01-05,88.37024301738509
2024-01-06,87.03855293154487
2024-01-07,85.84016233751336
2024-01-08,89.4922188961197
2024-01-09,88.50936870579382
2024-01-10,92.53033632961937
2024-01-11,93.0895111713862
2024-01-12,88.32868497658913
2024-01-13,89.37776322820037
2024-01-14,87.72580585374322
2024-01-15,89.77160350576796
2024-01-16,90.61942061863215
2024-01-17,89.12742233544523
2024-01-18,87.47203854090519
2024-01-19,87.623517629023
2024-01-20,88.01204539365322
2024-01-21,87.62269484511359
2024-01-22,83.6026798831167
2024-01-23,82.30058700709873
2024-01-24,81.99521485703175
2024-01-25,81.52088868711843
2024-01-26,84.39701885292926
2024-01-27,84.72317986697236
2024-01-28,84.27526069463711
2024-01-29,86.29907579988188
2024-01-30,85.15950403795523
2024-01-31,83.16624486770536
2024-02-01,83.73186940232617
2024-02-02,84.45101324944847
2024-02-03,84.0519671708942
2024-02-04,83.19353152411007
2024-02-05,83.18731554154307
2024-02-06,84.17414546904908
2024-02-07,86.2955275157547
2024-02-08,87.60684715351775
2024-02-09,90.17786196286066
2024-02-10,90.7777350530963
2024-02-11,90.68292254225828
2024-02-12,93.74837767209668
2024-02-13,93.22658582898626
2024-02-14,96.71015749052633
2024-02-15,98.54553469540089
2024-02-16,98.33008578578946
2024-02-17,96.80025820976658
2024-02-18,98.23956096653228
2024-02-19,98.74472769246857
2024-02-20,99.03967203269842
2024-02-21,98.74964143957354
2024-02-22,97.78124187759099
2024-02-23,96.33453706451847
2024-02-24,98.63230309341034
2024-02-25,99.59832442988392
2024-02-26,103.32691819880813
2024-02-27,105.3492743863788
2024-02-28,110.79450424995932
2024-02-29,110.96290217770131
2024-03-01,113.82078661492497
2024-03-02,115.28870720959803
2024-03-03,115.84711279865083
2024-03-04,120.23375403132835
2024-03-05,113.24262972165342
2024-03-06,119.3359800050436
2024-03-07,125.50216021878194
2024-03-08,126.7517489649859
2024-03-09,126.93655341347501
2024-03-10,128.33038968585268
2024-03-11,135.51816463450484
2024-03-12,134.73119246276397
2024-03-13,142.2979460155362
2024-03-14,140.74921346874115
2024-03-15,139.64095115866428
2024-03-16,132.36598127766476
2024-03-17,137.80832293133008
2024-03-18,136.09431521677777
2024-03-19,122.42015042601192
2024-03-20,134.16975683681923
2024-03-21,132.32189601079304
2024-03-22,128.3894586270366
2024-03-23,128.59228406414266
2024-03-24,133.74181200508716
2024-03-25,137.933759881066
2024-03-26,137.43058341662737
2024-03-27,134.771401816907
2024-03-28,137.1798338652551
2024-03-29,138.463400374786
2024-03-30,137.72035047363912
2024-03-31,141.757146120193
2024-04-01,135.96752585601624
2024-04-02,128.1509210694036
2024-04-03,130.12469866037975
2024-04-04,132.6551391095447
2024-04-05,130.12279986551675
2024-04-06,132.19041322833928
2024-04-07,133.4133568367266
2024-04-08,137.16524881124442
2024-04-09,132.247507906374
2024-04-10,135.14668372036996
2024-04-11,134.07187897496578
2024-04-12,125.9510030122939
2024-04-13,116.89073686625471
2024-04-14,122.4004184508635
2024-04-15,117.38535449027367
2024-04-16,116.12597656578684
2024-04-17,112.8957633059658
2024-04-18,117.79784879113733
2024-04-19,118.15475541883036
2024-04-20,122.22933102899314
2024-04-21,122.04265241175922
2024-04-22,126.54991915830627
2024-04-23,126.11927996075549
2024-04-24,122.95137897284593
2024-04-25,122.91064520544658
2024-04-26,120.25476736656545
2024-04-27,121.62157339576672
2024-04-28,121.0483095234661
2024-04-29,120.56908296893619
2024-04-30,114.03162428217351
2024-05-01,113.3027989257032
2024-05-02,114.52186200807029
2024-05-03,120.03679597299448
2024-05-04,121.08044140688786
2024-05-05,121.57386708155842
2024-05-06,121.6830703509852
2024-05-07,119.22697041665884
2024-05-08,117.70410328020282
2024-05-09,121.76024538689502
2024-05-10,117.54567478902804
2024-05-11,117.70225329292484
2024-05-12,117.94343078528055
2024-05-13,119.47237423933643
2024-05-14,115.81454277125222
2024-05-15,123.62319726693043
2024-05-16,121.69092526141871
2024-05-17,126.69245193719844
2024-05-18,127.4551271331553
2024-05-19,125.84474118654624
2024-05-20,138.65570501071772
2024-05-21,138.59494603799925
2024-05-22,137.16232653969328
2024-05-23,135.85955877694346
2024-05-24,134.18409693456675
2024-05-25,134.98454521493352
2024-05-26,134.13612822652178
2024-05-27,136.7045614468387
2024-05-28,135.30626615621037
2024-05-29,133.80229129309976
2024-05-30,133.82813281110214
2024-05-31,133.1629338240537
2024-06-01,134.25353199854356
2024-06-02,133.5212383278376
2024-06-03,135.53443147659635
2024-06-04,141.3998136885794
2024-06-05,143.1358710559544
2024-06-06,142.34825281268422
2024-06-07,137.46005846501936
2024-06-08,136.45881268743904
2024-06-09,137.26648084110616
2024-06-10,133.6203874734309
2024-06-11,127.86553696053198
2024-06-12,130.9637093822376
2024-06-13,126.7123271569777
2024-06-14,125.73305487310611
2024-06-15,127.33467806832329
2024-06-16,129.39788259382613
2024-06-17,126.36131517578248
2024-06-18,123.35306239755566
2024-06-19,124.02720301922501
2024-06-20,122.4487180731676
2024-06-21,122.33675534221643
2024-06-22,122.26865484708959
2024-06-23,119.22543800634382
2024-06-24,117.56575872746515
2024-06-25,120.20490837739392
2024-06-26,119.20824028238603
2024-06-27,123.4378115351543
2024-06-28,119.36018124171403
2024-06-29,119.8399433387864
2024-06-30,123.29927928691808
2024-07-01,123.20247142675107
2024-07-02,124.16488361913407
2024-07-03,118.26355065136767
2024-07-04,109.50826588699812
2024-07-05,109.25514034037226
2024-07-06,114.26657668477698
2024-07-07,107.4521179593839
2024-07-08,111.33317993627495
2024-07-09,113.09065243276663
2024-07-10,113.86992167421086
2024-07-11,112.4501378186258
2024-07-12,114.24169027119517
2024-07-13,115.70131833995367
2024-07-14,118.90562032675966
2024-07-15,127.88329276129117
2024-07-16,127.17005237033452
2024-07-17,124.7766826282728
2024-07-18,125.91253631522498
2024-07-19,131.17478263957454
2024-07-20,132.4219799461057
2024-07-21,135.53161232835072
2024-07-22,132.5163612435818
2024-07-23,130.6041582955479
2024-07-24,129.49475638637563
2024-07-25,126.77189096123233
2024-07-26,131.43104742139218
2024-07-27,131.29643807397628
2024-07-28,132.03612070781875
2024-07-29,130.91367884920334
2024-07-30,130.26437722529715
2024-07-31,127.05927962156784
2024-08-01,126.28411301818763
2024-08-02,117.64267881788446
2024-08-03,113.85434190268298
2024-08-04,107.7962217315068
2024-08-05,99.81197588242907
2024-08-06,104.91994920730221
2024-08-07,102.6779323405534
2024-08-08,115.16678537623666
2024-08-09,112.27606139603823
2024-08-10,112.73640972271481
2024-08-11,107.73793335268822
2024-08-12,111.53908918082769
2024-08-13,112.25988298493085
2024-08-14,110.42338916919631
2024-08-15,108.45670325337315
2024-08-16,108.66925849777007
2024-08-17,110.79726656035484
2024-08-18,109.92619442026468
2024-08-19,112.43284276903778
2024-08-20,111.7546777722166
2024-08-21,113.34452884978965
2024-08-22,113.63318329879544
2024-08-23,119.26832075777716
2024-08-24,120.25237596823546
2024-08-25,119.42524656535984
2024-08-26,116.36955074063897
2024-08-27,109.66611941265647
2024-08-28,109.79067544748797
2024-08-29,109.21178308159749
2024-08-30,108.6072156057907
2024-08-31,107.74372394970804
2024-09-01,103.71688578365354
2024-09-02,107.67067418767589
2024-09-03,103.76673220509474
2024-09-04,104.96793605081194
2024-09-05,102.13636523209375
2024-09-06,97.94378351423654
2024-09-07,99.4337155314098
2024-09-08,100.94274059574528
2024-09-09,104.37325304551032
2024-09-10,105.06778573982463
2024-09-11,104.40036124853766
2024-09-12,106.41115415341986
2024-09-13,109.62500319212644
2024-09-14,108.56179428994457
2024-09-15,105.97179381545561
2024-09-16,104.2570856983158
2024-09-17,106.33229818553922
2024-09-18,108.37098013819906
2024-09-19,112.13903435214203
2024-09-20,114.18389182626353
2024-09-21,116.48155511513762
2024-09-22,115.253043912891
2024-09-23,116.62904947821806
2024-09-24,118.84430312730399
2024-09-25,115.58260877950659
2024-09-26,119.0345813240473
2024-09-27,121.00014798605802
2024-09-28,120.36348422559567
2024-09-29,120.11154498494344
2024-09-30,115.80956282218864
2024-10-01,110.57666824536972
2024-10-02,108.3285066683826
2024-10-03,107.59185493572319
2024-10-04,110.70661588635775
2024-10-05,111.02474705711607
2024-10-06,112.7149182477408
2024-10-07,111.45599567066597
2024-10-08,112.29468840131224
2024-10-09,109.48139118917739
2024-10-10,109.07334224558063
2024-10-11,112.41643871560531
2024-10-12,113.60626789808114
2024-10-13,113.3291590996238
2024-10-14,119.35003445842047
2024-10-15,119.28133242267747
2024-10-16,119.83077528669209
2024-10-17,118.45401567867289
2024-10-18,120.60685112850373
2024-10-19,121.49025452991475
2024-10-20,124.65239181554253
2024-10-21,122.51332274304136
2024-10-22,121.89573773531386
2024-10-23,120.2606914442926
2024-10-24,123.03989394390852
2024-10-25,117.9547181289833
2024-10-26,120.14499311367324
2024-10-27,122.20085907320377
2024-10-28,124.69726648663273
2024-10-29,127.30519635321602
2024-10-30,126.05393150495117
2024-10-31,121.23224937683335
2024-11-01,120.30540143398976
2024-11-02,119.67825611588003
2024-11-03,117.85305942409465
2024-11-04,115.57331633135495
2024-11-05,118.77287272676216
2024-11-06,130.2066600477895
2024-11-07,134.3165512732188
2024-11-08,135.957057458613
2024-11-09,139.50353388208242
2024-11-10,143.86177227556163
2024-11-11,153.55613924932686
2024-11-12,147.93007054928168
2024-11-13,148.55908247644894
2024-11-14,144.62768191980115
2024-11-15,148.07132947467454
2024-11-16,148.0493244629804
2024-11-17,150.40122699308824
2024-11-18,152.70390858827136
2024-11-19,151.80862331309558
2024-11-20,151.0989626990796
2024-11-21,160.77200116578402
2024-11-22,161.21765591755016
2024-11-23,162.39480802182896
2024-11-24,162.30543854535708
2024-11-25,156.36887608630923
2024-11-26,152.90205877798786
2024-11-27,162.14706376282282
2024-11-28,160.9735391530241
2024-11-29,162.88742508105892
2024-11-30,162.7020327608593
2024-12-01,163.09533845063658
2024-12-02,159.28540917218595
2024-12-03,165.86680411104206
2024-12-04,168.6992517659774
2024-12-05,166.87770276934646
2024-12-06,172.00856976221738
2024-12-07,173.3117137131473
2024-12-08,173.16303262868018
2024-12-09,161.76484698273356
2024-12-10,159.0903326825304
2024-12-11,167.71869946235003
2024-12-12,167.37000295020312
2024-12-13,169.04967520099575
2024-12-14,166.9925539484715
2024-12-15,170.01811770818566
2024-12-16,169.75398675054595
2024-12-17,169.7503021764047
2024-12-18,159.52029238059995
2024-12-19,152.71338614195932
2024-12-20,154.0673466661719
2024-12-21,148.9153110852239
2024-12-22,146.38404907494163
2024-12-23,152.15974381832106
2024-12-24,156.2521100427215
2024-12-25,156.92167127345667
2024-12-26,151.08836094467796
2024-12-27,149.64265026848852
2024-12-28,154.71736971591076
2024-12-29,150.99114126662454
2024-12-30,151.52560186572782
2024-12-31,151.05440942265687
2025-01-01,152.9060351801872
2025-01-02,157.66494692633796
2025-01-03,162.23145134863378
2025-01-04,162.67509370601218
2025-01-05,161.5753572474847
2025-01-06,165.87785271566497
2025-01-07,155.35949802278367
2025-01-08,152.98452497302947
2025-01-09,147.68467576812574
2025-01-10,150.08745862344318
2025-01-11,150.4500925497827
2025-01-12,150.1498811886577
2025-01-13,147.24223924278192
2025-01-14,150.55403347784332
2025-01-15,159.21773011939865
2025-01-16,157.94455922360623
2025-01-17,164.09312644709468
2025-01-18,168.60664755906566
2025-01-19,162.59612646558924
2025-01-20,162.4338138604805
2025-01-21,166.64387681956313
2025-01-22,165.8596846615866
2025-01-23,166.27442250568046
2025-01-24,165.68134961778523
2025-01-25,166.54675624797366
2025-01-26,161.0459870526829
2025-01-27,159.8944016329987
2025-01-28,155.89115915013082
2025-01-29,157.74940381063436
2025-01-30,162.32680879102287
2025-01-31,160.0781253153928
2025-02-01,152.5598039358748
2025-02-02,142.74271292172457
2025-02-03,147.09647223167534
2025-02-04,139.40780833890514
2025-02-05,136.17024832775482
2025-02-06,133.79796970240483
2025-02-07,134.4814311501103
2025-02-08,137.558098155765
2025-02-09,137.48439166134588
2025-02-10,138.43982911755614
2025-02-11,137.9809069174362
2025-02-12,142.8377906253761
2025-02-13,141.26713619679782
2025-02-14,144.3249386677533
2025-02-15,143.61467882235138
2025-02-16,142.13477366086252
2025-02-17,140.1673689401031
2025-02-18,136.09035916779524
2025-02-19,139.0127384007061
2025-02-20,140.53535654437138
2025-02-21,136.223567738688
2025-02-22,138.90572958772157
2025-02-23,138.28292113953657
2025-02-24,124.42285610360781
2025-02-25,124.67390528288882
2025-02-26,118.32770420566696
2025-02-27,118.49753014510695
2025-02-28,118.14681925486221
2025-03-01,118.96260083488535
2025-03-02,138.34281995319685
2025-03-03,118.65014001724454
2025-03-04,120.75835794468756
2025-03-05,123.76145071460955
2025-03-06,123.57273684998225
2025-03-07,119.01107893014118
2025-03-08,118.52100020366905
2025-03-09,109.7016454816251
2025-03-10,103.94287766949914
2025-03-11,109.2451889846757
2025-03-12,111.04034861786221
2025-03-13,109.66688665219945
2025-03-14,114.08276933414491
2025-03-15,116.55958619462885
2025-03-16,112.16814746268426
2025-03-17,114.92784299752653
2025-03-18,113.46102290940733
2025-03-19,120.07444034337516
2025-03-20,116.34325113607605
2025-03-21,115.91216440847273
2025-03-22,115.65500937597264
2025-03-23,117.8152326095802
2025-03-24,121.13164522058086
2025-03-25,121.28753425759817
2025-03-26,117.84922876493033
2025-03-27,118.6471304623647
2025-03-28,113.04700877881322
2025-03-29,109.66520882432738
2025-03-30,109.26062995381398
2025-03-31,109.14045783158572
2025-04-01,112.15501665320477
2025-04-02,107.19373754771608
2025-04-03,108.25819431677128
2025-04-04,109.6092689709374
2025-04-05,109.34086861855754
2025-04-06,99.43990972236371
2025-04-07,99.15413142359543
2025-04-08,95.49299196700183
2025-04-09,105.24271417331157
2025-04-10,100.64609869311217
2025-04-11,103.68416624080237
2025-04-12,107.72704077672547
2025-04-13,105.38324251987785
2025-04-14,106.17621769095776
2025-04-15,104.65402033744225
2025-04-16,104.66780334077626
2025-04-17,105.12536560834198
2025-04-18,105.12741432388242
2025-04-19,106.01697314685678
2025-04-20,105.55381064643068
2025-04-21,106.4494109613789
2025-04-22,113.8170463893869
2025-04-23,113.93578923561054
2025-04-24,113.23407187309493
2025-04-25,113.38514602627951
2025-04-26,114.40585364297735
2025-04-27,114.29354136690858
2025-04-28,115.38271067979258
2025-04-29,114.23601274128691
2025-04-30,113.43083032410337
2025-05-01,115.13480672184615
2025-05-02,115.31716167204031
2025-05-03,114.5070025115266
2025-05-04,112.60487349773423
2025-05-05,113.17260535438423
2025-05-06,114.1993425281002
2025-05-07,113.86070310184483
2025-05-08,125.49177108114846
2025-05-09,129.52973652790308
2025-05-10,134.84414449641247
2025-05-11,131.6006740161756
2025-05-12,133.90971362667355
2025-05-13,137.5791555026509
2025-05-14,135.34610266324898
2025-05-15,132.18811076929475
2025-05-16,131.72697096025996
2025-05-17,130.1324806936946
2025-05-18,133.18864083282847
2025-05-19,132.48818285102743
2025-05-20,132.47236210992207
2025-05-21,135.4866179498744
2025-05-22,138.67160926497388
2025-05-23,132.06639149420872
2025-05-24,133.43499854065354
2025-05-25,134.32247493666347
2025-05-26,134.36667592976613
2025-05-27,136.2607236219213
2025-05-28,135.48550745397245
2025-05-29,133.1306912794231
2025-05-30,128.76814603998946
2025-05-31,129.64922834914125
2025-06-01,130.23877081629348
2025-06-02,131.7660623605283
2025-06-03,131.93616300200998
2025-06-04,131.35198895980497
2025-06-05,124.89592599729029
2025-06-06,127.97201853677367
2025-06-07,129.60557142083155
2025-06-08,130.78086867206324
2025-06-09,135.85742382984967
2025-06-10,137.65661891041182
2025-06-11,135.85958943687245
2025-06-12,131.78070611972714
2025-06-13,130.18644886992655
2025-06-14,128.83395069162432
2025-06-15,129.53313185936966
2025-06-16,131.0720459295324
2025-06-17,128.6955763594898
2025-06-18,128.90419382812908
2025-06-19,128.74754529406235
2025-06-20,126.0278414570162
2025-06-21,122.72576675386966
2025-06-22,120.10632156773961
2025-06-23,127.56253457941169
2025-06-24,128.5300317575218
2025-06-25,128.58364844636787
2025-06-26,127.05642591980686
2025-06-27,127.93299410001637
2025-06-28,128.95268978483202
2025-06-29,130.7343171009735
2025-06-30,130.72998880120574
2025-07-01,127.72643172701392
2025-07-02,132.43738777503765
2025-07-03,133.44819118928874
2025-07-04,130.86979988215907
2025-07-05,131.12517426331854
2025-07-06,133.27340454884597
2025-07-07,132.54042483691805
2025-07-08,134.20476856391716
2025-07-09,138.70382086909848
2025-07-10,145.330509921545
2025-07-11,148.69499914640437
2025-07-12,148.29730397272849
2025-07-13,150.88323524036628
2025-07-14,153.03127742795576
2025-07-15,153.49705450445518
2025-07-16,159.2207532851359
2025-07-17,167.08074378311187
2025-07-18,167.07545872523963
2025-07-19,167.92171273258649
2025-07-20,171.33290126313398
2025-07-21,173.12066745416735
2025-07-22,174.92716665482794
2025-07-23,167.90369790117254
2025-07-24,167.8253714512015
2025-07-25,168.5292390253534
2025-07-26,169.55763171995258
2025-07-27,175.24247923760143
2025-07-28,170.88377962622837
2025-07-29,170.22530215147086
2025-07-30,169.32311842539588
2025-07-31,165.82942330164508
2025-08-01,160.37029607217548
2025-08-02,155.18286093105925
2025-08-03,160.28701157284831
2025-08-04,165.69974786305275
2025-08-05,161.92724822201137
2025-08-06,164.23494566871005
2025-08-07,173.04334679131298
2025-08-08,173.66853379146613
2025-08-09,175.79373367326468
2025-08-10,176.56805444660444
2025-08-11,175.377082125465
2025-08-12,182.8937155274478
2025-08-13,186.81490468843964
2025-08-14,179.6020737801162
2025-08-15,177.3640244065597
2025-08-16,178.3304211855179
2025-08-17,179.41031600607218
2025-08-18,176.4573378055496
2025-08-19,168.43989250554782
2025-08-20,175.4174796320306
2025-08-21,170.56708651561704
2025-08-22,184.69173658103136
2025-08-23,182.16353688372985
2025-08-24,180.92817598737463
2025-08-25,171.39446531170958
2025-08-26,177.71157097476186
2025-08-27,175.45721509995872
2025-08-28,176.97554795514466
2025-08-29,171.16629227113572
2025-08-30,171.3595983610533
2025-08-31,170.4269859683699
2025-09-01,169.1362232676491
2025-09-02,171.93947563318727
2025-09-03,173.29093529741922
2025-09-04,170.0916068136576
2025-09-05,170.7660808670169
2025-09-06,170.78187448931607
2025-09-07,173.41487935938557
2025-09-08,175.0473519784046
2025-09-09,174.58081408789755
2025-09-10,177.1259730221077
2025-09-11,180.2135983453181
2025-09-12,185.0682657818223
2025-09-13,185.19077686964556
2025-09-14,182.73565834234628
2025-09-15,181.03419112688795
2025-09-16,183.711322787726
2025-09-17,186.8210302284867
2025-09-18,186.5263725553821
2025-09-19,183.55621059933628
2025-09-20,186.15607947494448
2025-09-21,185.84832912805388
2025-09-22,177.8601294109672
2025-09-23,177.84564729072503
2025-09-24,179.869950218078
2025-09-25,168.9879208870098
2025-09-26,172.40858311932743
2025-09-27,172.9019918106136
2025-09-28,177.18409571000862
2025-09-29,180.80194475651393
2025-09-30,178.35973197443826
2025-10-01,184.70359304201736
2025-10-02,191.26567775502556
2025-10-03,196.43414810298606
2025-10-04,193.41987200714482
2025-10-05,194.78070128666442
2025-10-06,199.85062779109975
2025-10-07,197.05720233671607
2025-10-08,198.96231691857963
2025-10-09,193.30538175682378
2025-10-10,170.58199007868012
2025-10-11,170.27217453074442
2025-10-12,185.3794428053
2025-10-13,187.26853904790622
2025-10-14,180.24827372368887
2025-10-15,174.33417057717108
2025-10-16,170.15218122643444
2025-10-17,165.37921912324788
2025-10-18,168.29267234319042
2025-10-19,171.060147859406
2025-10-20,173.24898333784088
2025-10-21,168.36835944138056
2025-10-22,166.83177907177964
2025-10-23,170.97037641679887
2025-10-24,173.47794525818028
2025-10-25,175.74534415008128
2025-10-26,180.76077261103103
2025-10-27,180.11455075405863
2025-10-28,176.201776337209
2025-10-29,173.43459959115546
2025-10-30,168.61029640463084
2025-10-31,171.16214139766734
2025-11-01,171.8239090431747
2025-11-02,172.4588867082974
2025-11-03,160.02611448076723
2025-11-04,150.78683993888882
2025-11-05,156.3233607124167
2025-11-06,151.36004750266875
2025-11-07,156.94943437574707
2025-11-08,155.62558472879394
2025-11-09,160.27453826535282
2025-11-10,163.03689295129286
2025-11-11,156.57128019303534
2025-11-12,155.7436485910307
2025-11-13,150.99008189551319
2025-11-14,145.5324195752746
2025-11-15,147.23615270414498
2025-11-16,145.34426022605987
2025-11-17,142.0302063665555
2025-11-18,145.42160004239054
2025-11-19,140.44472545316208
2025-11-20,133.39759659073314
2025-11-21,129.817191214057
2025-11-22,129.7872709168628
2025-11-23,132.9892485201012
2025-11-24,139.04825228288965
2025-11-25,138.22182371002245
2025-11-26,141.881166134655
2025-11-27,141.7996558280154
2025-11-28,141.22551818006198
2025-11-29,140.53140683288916
2025-11-30,139.83395203670347
2025-12-01,131.9103272343328
2025-12-02,140.16028333393842
2025-12-03,145.77710117957747
2025-12-04,141.97974567112382
2025-12-05,138.0384273075383
2025-12-06,138.335186728477
2025-12-07,139.33219215604876
2025-12-08,140.79127371953317
2025-12-09,144.40669081461525
2025-12-10,142.89948689538534
2025-12-11,141.65533029473164
2025-12-12,138.4759174083227
2025-12-13,139.71592970094449
2025-12-14,136.73022820617325
2025-12-15,132.82579599792166
2025-12-16,134.5509156694383
2025-12-17,129.96886378891443
2025-12-18,128.18637048818374
2025-12-19,133.67464653572856
2025-12-20,134.1052427379206
2025-12-21,134.46837641449497
2025-12-22,134.12910796165076
2025-12-23,132.16652171134962
2025-12-24,131.93377122215986
2025-12-25,130.14311912987552
2025-12-26,130.7990197840555
2025-12-27,132.17231647141256
2025-12-28,132.59567902261955
2025-12-29,131.58372060214913
2025-12-30,133.3410682295392
2025-12-31,132.41318121610342
2026-01-01,133.9195412700334
2026-01-02,138.702241866894
2026-01-03,139.08517917168396
2026-01-04,141.42550084528477
2026-01-05,148.24566517121215
2026-01-06,148.58424069293673
2026-01-07,143.16749668972878
2026-01-08,141.2988445980397
2026-01-09,140.49371860804564
2026-01-10,140.7916237615238
2026-01-11,140.95941726590033
2026-01-12,140.5874734329467
2026-01-13,148.1223325853049
2026-01-14,148.95218119275796
2026-01-15,146.2142233647032
2026-01-16,146.05091328944218
2026-01-17,146.301484847995
2026-01-18,143.63036474733443
2026-01-19,141.67301448255577
2026-01-20,134.06487424233796
2026-01-21,135.86790030159295
2026-01-22,135.31601858862905
2026-01-23,135.47997083214221
2026-01-24,134.99191849149085
2026-01-25,130.27481653457488
2026-01-26,133.96413985004193
2026-01-27,136.27422938060184
2026-01-28,136.1759119875115
2026-01-29,129.13005093182875
2026-01-30,125.95447735988883
2026-01-31,116.47206725938754
2026-02-01,111.94867363461327
2026-02-02,114.6213555375846
2026-02-03,110.47969113888414
2026-02-04,105.30802259499478
2026-02-05,88.97448327223165
2026-02-06,101.22318972065388
2026-02-07,99.88438450628591
2026-02-08,100.07923665280332
2026-02-09,100.10464830064056
2026-02-10,97.34481578017802
2026-02-11,94.72052807303523
2026-02-12,94.6735952977643
2026-02-13,97.83516091849712
2026-02-14,100.92413648285783
2026-02-15,97.77292318919874
2026-02-16,98.856650796173
2026-02-17,97.74023975918657
2026-02-18,95.49066351678333
2026-02-19,95.45732910858756
2026-02-20,97.20146640998071
2026-02-21,97.30639334915129
2026-02-22,95.88083788049245
2026-02-23,92.10939754093815
2026-02-24,91.38299723283235
2026-02-25,98.43275574462255
2026-02-26,97.24569090668138
2026-02-27,94.25803796610475
2026-02-28,95.56990497910576
2026-03-01,94.39312947045701
2026-03-02,97.9697804345604
2026-03-03,96.59078213553299
2026-03-04,102.04518608962098
2026-03-05,99.84979151479759
2026-03-06,96.28884173695685
2026-03-07,95.46714920474966
2026-03-08,94.03303850208368
2026-03-09,96.80114049355659
2026-03-10,98.59440254550708
2026-03-11,99.2066836241285
2026-03-12,99.58937992730269
2026-03-13,100.38965756368793
2026-03-14,100.75553428901745
2026-03-15,103.60507045583174
2026-03-16,108.30294473506383
2026-03-17,106.72160735479746
2026-03-18,102.80682032402765
2026-03-19,100.75652178437203
2026-03-20,101.16505996752984
2026-03-21,98.53689168257428
2026-03-22,97.4272058379838
2026-03-23,100.98916536378685
2026-03-24,100.58690711469379
2026-03-25,101.34786928082052
2026-03-26,97.49528137476292
2026-03-27,94.57915327236005
2026-03-28,94.62781601019593
2026-03-29,94.08456093628821
2026-03-30,94.85803284884764
2026-03-31,97.00045474800757
2026-04-01,97.21614569211565
2026-04-02,94.23596950353435
2026-04-03,94.39699020997713
2026-04-04,94.8267664779453
2026-04-05,96.43000528539868
2026-04-06,96.24936252662549
2026-04-07,100.77084056395216
2026-04-08,98.38939949521881
2026-04-09,98.69844357607039
2026-04-10,100.10146811525613
2026-04-11,100.60950272175945
2026-04-12,97.5955413318795
2026-04-13,102.74744650707481
2026-04-14,101.80745469673253
2026-04-15,103.33130812827002
2026-04-16,104.98360656231769
2026-04-17,107.24583204718823
2026-04-18,104.6667145053308
2026-04-19,101.75686245740201
2026-04-20,104.09239028865356
2026-04-21,104.63239667739306
2026-04-22,106.02319154253574
2026-04-23,105.7438227610011
2026-04-24,105.09408438581286
2026-04-25,104.68794218362956
2026-04-26,106.05866066558858
2026-04-27,103.92676392428399
2026-04-28,102.94528247534811
2026-04-29,101.84580481387455
2026-04-30,101.92730198097537
2026-05-01,103.32084099758403
2026-05-02,103.97913802907897
2026-05-03,103.88164966389513
2026-05-04,104.88365064561363
2026-05-05,106.13409278904594
2026-05-06,107.11519264598928
2026-05-07,104.82490785941118
2026-05-08,106.14252904035344
2026-05-09,106.59113481937075
2026-05-10,109.11979256088313
2026-05-11,108.9715175599479
2026-05-12,106.82507605902995
2026-05-13,106.31533291037736
2026-05-14,108.51307483864797
2026-05-15,106.00459758279041
2026-05-16,104.18006161354947
2026-05-17,102.78567959404302
2026-05-18,102.1951259093739
2026-05-19,101.23307187349778
2026-05-20,102.12926287761775
2026-05-21,102.86386334198858
